<ImportExportXml xmlns:xsi="http://www.w3.org/2001/XMLSchema-instance">
  <Entities></Entities>
  <Roles></Roles>
  <Workflows></Workflows>
  <FieldSecurityProfiles></FieldSecurityProfiles>
  <Templates />
  <EntityMaps />
  <EntityRelationships />
  <OrganizationSettings />
  <optionsets />
  <WebResources>
    <WebResource>
      <WebResourceId>{85e34c36-b4f5-e711-80e2-00155d048d13}</WebResourceId>
      <Name>mag_/htmleditor/jquery_3.2.1.min.js</Name>
      <DisplayName>/htmleditor/jquery_3.2.1.min.js</DisplayName>
      <WebResourceType>3</WebResourceType>
      <IntroducedVersion>1.1.0.0</IntroducedVersion>
      <IsEnabledForMobileClient>0</IsEnabledForMobileClient>
      <IsAvailableForMobileOffline>0</IsAvailableForMobileOffline>
      <IsCustomizable>1</IsCustomizable>
      <CanBeDeleted>1</CanBeDeleted>
      <IsHidden>0</IsHidden>
      <FileName>/WebResources/mag_htmleditorjquery_321minjs85E34C36-B4F5-E711-80E2-00155D048D13</FileName>
    </WebResource>
    <WebResource>
      <WebResourceId>{3d139bf9-b5f5-e711-80e2-00155d048d13}</WebResourceId>
      <Name>mag_/htmleditor/plugins/link/dialogs/anchor.js</Name>
      <DisplayName>/htmleditor/plugins/link/dialogs/anchor.js</DisplayName>
      <WebResourceType>3</WebResourceType>
      <IntroducedVersion>1.1.0.0</IntroducedVersion>
      <IsEnabledForMobileClient>0</IsEnabledForMobileClient>
      <IsAvailableForMobileOffline>0</IsAvailableForMobileOffline>
      <IsCustomizable>1</IsCustomizable>
      <CanBeDeleted>1</CanBeDeleted>
      <IsHidden>0</IsHidden>
      <FileName>/WebResources/mag_htmleditorpluginslinkdialogsanchorjs3D139BF9-B5F5-E711-80E2-00155D048D13</FileName>
    </WebResource>
    <WebResource>
      <WebResourceId>{ebb41302-38b5-e811-80e9-00155d048d13}</WebResourceId>
      <Name>mag_/htmleditor/skins/moono/editor_iequirks.css</Name>
      <DisplayName>/htmleditor/skins/moono/editor_iequirks.css</DisplayName>
      <WebResourceType>2</WebResourceType>
      <IntroducedVersion>1.2.0.0</IntroducedVersion>
      <IsEnabledForMobileClient>0</IsEnabledForMobileClient>
      <IsAvailableForMobileOffline>0</IsAvailableForMobileOffline>
      <IsCustomizable>1</IsCustomizable>
      <CanBeDeleted>1</CanBeDeleted>
      <IsHidden>0</IsHidden>
      <FileName>/WebResources/mag_htmleditorskinsmoonoeditor_iequirkscssEBB41302-38B5-E811-80E9-00155D048D13</FileName>
    </WebResource>
    <WebResource>
      <WebResourceId>{92ed1a1d-2516-e511-80c3-00155d048d48}</WebResourceId>
      <Name>mag_/htmleditor/adapters/jquery.js</Name>
      <DisplayName>/htmleditor/adapters/jquery.js</DisplayName>
      <WebResourceType>3</WebResourceType>
      <IntroducedVersion>1.0.0.0</IntroducedVersion>
      <IsEnabledForMobileClient>0</IsEnabledForMobileClient>
      <IsAvailableForMobileOffline>0</IsAvailableForMobileOffline>
      <IsCustomizable>1</IsCustomizable>
      <CanBeDeleted>1</CanBeDeleted>
      <IsHidden>0</IsHidden>
      <FileName>/WebResources/mag_htmleditoradaptersjqueryjs92ED1A1D-2516-E511-80C3-00155D048D48</FileName>
    </WebResource>
    <WebResource>
      <WebResourceId>{b83b0c35-2516-e511-80c3-00155d048d48}</WebResourceId>
      <Name>mag_/htmleditor/ckeditor.js</Name>
      <DisplayName>/htmleditor/ckeditor.js</DisplayName>
      <WebResourceType>3</WebResourceType>
      <IntroducedVersion>1.0.0.0</IntroducedVersion>
      <IsEnabledForMobileClient>0</IsEnabledForMobileClient>
      <IsAvailableForMobileOffline>0</IsAvailableForMobileOffline>
      <IsCustomizable>1</IsCustomizable>
      <CanBeDeleted>1</CanBeDeleted>
      <IsHidden>0</IsHidden>
      <FileName>/WebResources/mag_htmleditorckeditorjsB83B0C35-2516-E511-80C3-00155D048D48</FileName>
    </WebResource>
    <WebResource>
      <WebResourceId>{60019b3e-2516-e511-80c3-00155d048d48}</WebResourceId>
      <Name>mag_/htmleditor/config.js</Name>
      <DisplayName>/htmleditor/config.js</DisplayName>
      <WebResourceType>3</WebResourceType>
      <IntroducedVersion>1.0.0.0</IntroducedVersion>
      <IsEnabledForMobileClient>0</IsEnabledForMobileClient>
      <IsAvailableForMobileOffline>0</IsAvailableForMobileOffline>
      <IsCustomizable>1</IsCustomizable>
      <CanBeDeleted>1</CanBeDeleted>
      <IsHidden>0</IsHidden>
      <FileName>/WebResources/mag_htmleditorconfigjs60019B3E-2516-E511-80C3-00155D048D48</FileName>
    </WebResource>
    <WebResource>
      <WebResourceId>{da5c744c-2516-e511-80c3-00155d048d48}</WebResourceId>
      <Name>mag_/htmleditor/contents.css</Name>
      <DisplayName>/htmleditor/contents.css</DisplayName>
      <WebResourceType>2</WebResourceType>
      <IntroducedVersion>1.0.0.0</IntroducedVersion>
      <IsEnabledForMobileClient>0</IsEnabledForMobileClient>
      <IsAvailableForMobileOffline>0</IsAvailableForMobileOffline>
      <IsCustomizable>1</IsCustomizable>
      <CanBeDeleted>1</CanBeDeleted>
      <IsHidden>0</IsHidden>
      <FileName>/WebResources/mag_htmleditorcontentscssDA5C744C-2516-E511-80C3-00155D048D48</FileName>
    </WebResource>
    <WebResource>
      <WebResourceId>{703aed58-2516-e511-80c3-00155d048d48}</WebResourceId>
      <Name>mag_/htmleditor/lang/en.js</Name>
      <DisplayName>/htmleditor/lang/en.js</DisplayName>
      <WebResourceType>3</WebResourceType>
      <IntroducedVersion>1.0.0.0</IntroducedVersion>
      <IsEnabledForMobileClient>0</IsEnabledForMobileClient>
      <IsAvailableForMobileOffline>0</IsAvailableForMobileOffline>
      <IsCustomizable>1</IsCustomizable>
      <CanBeDeleted>1</CanBeDeleted>
      <IsHidden>0</IsHidden>
      <FileName>/WebResources/mag_htmleditorlangenjs703AED58-2516-E511-80C3-00155D048D48</FileName>
    </WebResource>
    <WebResource>
      <WebResourceId>{861f5a8a-2516-e511-80c3-00155d048d48}</WebResourceId>
      <Name>mag_/htmleditor/plugins/dialog/dialogDefinition.js</Name>
      <DisplayName>/htmleditor/plugins/dialog/dialogDefinition.js</DisplayName>
      <WebResourceType>3</WebResourceType>
      <IntroducedVersion>1.0.0.0</IntroducedVersion>
      <IsEnabledForMobileClient>0</IsEnabledForMobileClient>
      <IsAvailableForMobileOffline>0</IsAvailableForMobileOffline>
      <IsCustomizable>1</IsCustomizable>
      <CanBeDeleted>1</CanBeDeleted>
      <IsHidden>0</IsHidden>
      <FileName>/WebResources/mag_htmleditorpluginsdialogdialogDefinitionjs861F5A8A-2516-E511-80C3-00155D048D48</FileName>
    </WebResource>
    <WebResource>
      <WebResourceId>{10ccd498-2516-e511-80c3-00155d048d48}</WebResourceId>
      <Name>mag_/htmleditor/plugins/icons.png</Name>
      <DisplayName>/htmleditor/plugins/icons.png</DisplayName>
      <WebResourceType>5</WebResourceType>
      <IntroducedVersion>1.0.0.0</IntroducedVersion>
      <IsEnabledForMobileClient>0</IsEnabledForMobileClient>
      <IsAvailableForMobileOffline>0</IsAvailableForMobileOffline>
      <IsCustomizable>1</IsCustomizable>
      <CanBeDeleted>1</CanBeDeleted>
      <IsHidden>0</IsHidden>
      <FileName>/WebResources/mag_htmleditorpluginsiconspng10CCD498-2516-E511-80C3-00155D048D48</FileName>
    </WebResource>
    <WebResource>
      <WebResourceId>{ac3334c3-2516-e511-80c3-00155d048d48}</WebResourceId>
      <Name>mag_/htmleditor/plugins/link/dialogs/link.js</Name>
      <DisplayName>/htmleditor/plugins/link/dialogs/link.js</DisplayName>
      <WebResourceType>3</WebResourceType>
      <IntroducedVersion>1.0.0.0</IntroducedVersion>
      <IsEnabledForMobileClient>0</IsEnabledForMobileClient>
      <IsAvailableForMobileOffline>0</IsAvailableForMobileOffline>
      <IsCustomizable>1</IsCustomizable>
      <CanBeDeleted>1</CanBeDeleted>
      <IsHidden>0</IsHidden>
      <FileName>/WebResources/mag_htmleditorpluginslinkdialogslinkjsAC3334C3-2516-E511-80C3-00155D048D48</FileName>
    </WebResource>
    <WebResource>
      <WebResourceId>{3f77720f-2616-e511-80c3-00155d048d48}</WebResourceId>
      <Name>mag_/htmleditor/skins/moono/dialog.css</Name>
      <DisplayName>/htmleditor/skins/moono/dialog.css</DisplayName>
      <WebResourceType>2</WebResourceType>
      <IntroducedVersion>1.0.0.0</IntroducedVersion>
      <IsEnabledForMobileClient>0</IsEnabledForMobileClient>
      <IsAvailableForMobileOffline>0</IsAvailableForMobileOffline>
      <IsCustomizable>1</IsCustomizable>
      <CanBeDeleted>1</CanBeDeleted>
      <IsHidden>0</IsHidden>
      <FileName>/WebResources/mag_htmleditorskinsmoonodialogcss3F77720F-2616-E511-80C3-00155D048D48</FileName>
    </WebResource>
    <WebResource>
      <WebResourceId>{3c75d11d-2616-e511-80c3-00155d048d48}</WebResourceId>
      <Name>mag_/htmleditor/skins/moono/dialog_ie.css</Name>
      <DisplayName>/htmleditor/skins/moono/dialog_ie.css</DisplayName>
      <WebResourceType>2</WebResourceType>
      <IntroducedVersion>1.0.0.0</IntroducedVersion>
      <IsEnabledForMobileClient>0</IsEnabledForMobileClient>
      <IsAvailableForMobileOffline>0</IsAvailableForMobileOffline>
      <IsCustomizable>1</IsCustomizable>
      <CanBeDeleted>1</CanBeDeleted>
      <IsHidden>0</IsHidden>
      <FileName>/WebResources/mag_htmleditorskinsmoonodialog_iecss3C75D11D-2616-E511-80C3-00155D048D48</FileName>
    </WebResource>
    <WebResource>
      <WebResourceId>{85bf1158-2616-e511-80c3-00155d048d48}</WebResourceId>
      <Name>mag_/htmleditor/skins/moono/editor.css</Name>
      <DisplayName>/htmleditor/skins/moono/editor.css</DisplayName>
      <WebResourceType>2</WebResourceType>
      <IntroducedVersion>1.0.0.0</IntroducedVersion>
      <IsEnabledForMobileClient>0</IsEnabledForMobileClient>
      <IsAvailableForMobileOffline>0</IsAvailableForMobileOffline>
      <IsCustomizable>1</IsCustomizable>
      <CanBeDeleted>1</CanBeDeleted>
      <IsHidden>0</IsHidden>
      <FileName>/WebResources/mag_htmleditorskinsmoonoeditorcss85BF1158-2616-E511-80C3-00155D048D48</FileName>
    </WebResource>
    <WebResource>
      <WebResourceId>{7c630465-2616-e511-80c3-00155d048d48}</WebResourceId>
      <Name>mag_/htmleditor/skins/moono/editor_gecko.css</Name>
      <DisplayName>/htmleditor/skins/moono/editor_gecko.css</DisplayName>
      <WebResourceType>2</WebResourceType>
      <IntroducedVersion>1.0.0.0</IntroducedVersion>
      <IsEnabledForMobileClient>0</IsEnabledForMobileClient>
      <IsAvailableForMobileOffline>0</IsAvailableForMobileOffline>
      <IsCustomizable>1</IsCustomizable>
      <CanBeDeleted>1</CanBeDeleted>
      <IsHidden>0</IsHidden>
      <FileName>/WebResources/mag_htmleditorskinsmoonoeditor_geckocss7C630465-2616-E511-80C3-00155D048D48</FileName>
    </WebResource>
    <WebResource>
      <WebResourceId>{8366ff6d-2616-e511-80c3-00155d048d48}</WebResourceId>
      <Name>mag_/htmleditor/skins/moono/editor_ie.css</Name>
      <DisplayName>/htmleditor/skins/moono/editor_ie.css</DisplayName>
      <WebResourceType>2</WebResourceType>
      <IntroducedVersion>1.0.0.0</IntroducedVersion>
      <IsEnabledForMobileClient>0</IsEnabledForMobileClient>
      <IsAvailableForMobileOffline>0</IsAvailableForMobileOffline>
      <IsCustomizable>1</IsCustomizable>
      <CanBeDeleted>1</CanBeDeleted>
      <IsHidden>0</IsHidden>
      <FileName>/WebResources/mag_htmleditorskinsmoonoeditor_iecss8366FF6D-2616-E511-80C3-00155D048D48</FileName>
    </WebResource>
    <WebResource>
      <WebResourceId>{857e6498-2616-e511-80c3-00155d048d48}</WebResourceId>
      <Name>mag_/htmleditor/skins/moono/icons.png</Name>
      <DisplayName>/htmleditor/skins/moono/icons.png</DisplayName>
      <WebResourceType>5</WebResourceType>
      <IntroducedVersion>1.0.0.0</IntroducedVersion>
      <IsEnabledForMobileClient>0</IsEnabledForMobileClient>
      <IsAvailableForMobileOffline>0</IsAvailableForMobileOffline>
      <IsCustomizable>1</IsCustomizable>
      <CanBeDeleted>1</CanBeDeleted>
      <IsHidden>0</IsHidden>
      <FileName>/WebResources/mag_htmleditorskinsmoonoiconspng857E6498-2616-E511-80C3-00155D048D48</FileName>
    </WebResource>
    <WebResource>
      <WebResourceId>{4823c7f3-2716-e511-80c3-00155d048d48}</WebResourceId>
      <Name>mag_/htmleditor/styles.js</Name>
      <DisplayName>/htmleditor/styles.js</DisplayName>
      <WebResourceType>3</WebResourceType>
      <IntroducedVersion>1.0.0.0</IntroducedVersion>
      <IsEnabledForMobileClient>0</IsEnabledForMobileClient>
      <IsAvailableForMobileOffline>0</IsAvailableForMobileOffline>
      <IsCustomizable>1</IsCustomizable>
      <CanBeDeleted>1</CanBeDeleted>
      <IsHidden>0</IsHidden>
      <FileName>/WebResources/mag_htmleditorstylesjs4823C7F3-2716-E511-80C3-00155D048D48</FileName>
    </WebResource>
    <WebResource>
      <WebResourceId>{6869eb14-2d16-e511-80c3-00155d048d48}</WebResourceId>
      <Name>mag_/htmleditor/htmleditor.html</Name>
      <DisplayName>/htmleditor/htmleditor.html</DisplayName>
      <WebResourceType>1</WebResourceType>
      <IntroducedVersion>1.0.0.0</IntroducedVersion>
      <IsEnabledForMobileClient>0</IsEnabledForMobileClient>
      <IsAvailableForMobileOffline>0</IsAvailableForMobileOffline>
      <IsCustomizable>1</IsCustomizable>
      <CanBeDeleted>1</CanBeDeleted>
      <IsHidden>0</IsHidden>
      <FileName>/WebResources/mag_htmleditorhtmleditorhtml6869EB14-2D16-E511-80C3-00155D048D48</FileName>
    </WebResource>
    <WebResource>
      <WebResourceId>{acb75aaa-a4bb-ea11-8168-005056ab4127}</WebResourceId>
      <Name>mag_/htmleditor/htmleditorreadonly.html</Name>
      <DisplayName>/htmleditor/htmleditorreadonly.html</DisplayName>
      <Description>/htmleditor/htmleditorreadonly.html</Description>
      <LanguageCode>1033</LanguageCode>
      <WebResourceType>1</WebResourceType>
      <IntroducedVersion>1.3.0</IntroducedVersion>
      <IsEnabledForMobileClient>0</IsEnabledForMobileClient>
      <IsAvailableForMobileOffline>0</IsAvailableForMobileOffline>
      <DependencyXml>&lt;Dependencies&gt;&lt;Dependency componentType="WebResource"/&gt;&lt;/Dependencies&gt;</DependencyXml>
      <IsCustomizable>1</IsCustomizable>
      <CanBeDeleted>1</CanBeDeleted>
      <IsHidden>0</IsHidden>
      <FileName>/WebResources/mag_htmleditorhtmleditorreadonlyhtmlACB75AAA-A4BB-EA11-8168-005056AB4127</FileName>
    </WebResource>
    <WebResource>
      <WebResourceId>{073c01c7-adbb-ea11-8168-005056ab4127}</WebResourceId>
      <Name>mag_/htmleditor/SDK.WebAPI.js</Name>
      <DisplayName>/htmleditor/SDK.WebAPI.js</DisplayName>
      <Description>/htmleditor/SDK.WebAPI.js</Description>
      <LanguageCode>1033</LanguageCode>
      <WebResourceType>3</WebResourceType>
      <IntroducedVersion>1.3.0</IntroducedVersion>
      <IsEnabledForMobileClient>0</IsEnabledForMobileClient>
      <IsAvailableForMobileOffline>0</IsAvailableForMobileOffline>
      <DependencyXml>&lt;Dependencies&gt;&lt;Dependency componentType="WebResource"/&gt;&lt;/Dependencies&gt;</DependencyXml>
      <IsCustomizable>1</IsCustomizable>
      <CanBeDeleted>1</CanBeDeleted>
      <IsHidden>0</IsHidden>
      <FileName>/WebResources/mag_htmleditorSDKWebAPIjs073C01C7-ADBB-EA11-8168-005056AB4127</FileName>
    </WebResource>
    <WebResource>
      <WebResourceId>{d2d75c08-aebb-ea11-8168-005056ab4127}</WebResourceId>
      <Name>mag_/htmleditor/zoom_in.png</Name>
      <DisplayName>/htmleditor/zoom_in.png</DisplayName>
      <Description>/htmleditor/zoom_in.png</Description>
      <LanguageCode>1033</LanguageCode>
      <WebResourceType>5</WebResourceType>
      <IntroducedVersion>1.3.0</IntroducedVersion>
      <IsEnabledForMobileClient>0</IsEnabledForMobileClient>
      <IsAvailableForMobileOffline>0</IsAvailableForMobileOffline>
      <DependencyXml>&lt;Dependencies&gt;&lt;Dependency componentType="WebResource"/&gt;&lt;/Dependencies&gt;</DependencyXml>
      <IsCustomizable>1</IsCustomizable>
      <CanBeDeleted>1</CanBeDeleted>
      <IsHidden>0</IsHidden>
      <FileName>/WebResources/mag_htmleditorzoom_inpngD2D75C08-AEBB-EA11-8168-005056AB4127</FileName>
    </WebResource>
    <WebResource>
      <WebResourceId>{540ebf1a-aebb-ea11-8168-005056ab4127}</WebResourceId>
      <Name>mag_/htmleditor/zoom_out.png</Name>
      <DisplayName>/htmleditor/zoom_out.png</DisplayName>
      <Description>/htmleditor/zoom_out.png</Description>
      <LanguageCode>1033</LanguageCode>
      <WebResourceType>5</WebResourceType>
      <IntroducedVersion>1.3.0</IntroducedVersion>
      <IsEnabledForMobileClient>0</IsEnabledForMobileClient>
      <IsAvailableForMobileOffline>0</IsAvailableForMobileOffline>
      <DependencyXml>&lt;Dependencies&gt;&lt;Dependency componentType="WebResource"/&gt;&lt;/Dependencies&gt;</DependencyXml>
      <IsCustomizable>1</IsCustomizable>
      <CanBeDeleted>1</CanBeDeleted>
      <IsHidden>0</IsHidden>
      <FileName>/WebResources/mag_htmleditorzoom_outpng540EBF1A-AEBB-EA11-8168-005056AB4127</FileName>
    </WebResource>
  </WebResources>
  <Languages>
    <Language>1033</Language>
  </Languages>
</ImportExportXml>