<ImportExportXml version="8.2.0001.0176" SolutionPackageVersion="8.2" languagecode="1033" generatedBy="OnPremise" xmlns:xsi="http://www.w3.org/2001/XMLSchema-instance">
  <SolutionManifest>
    <UniqueName>HTMLEditor</UniqueName>
    <LocalizedNames>
      <LocalizedName description="HTML Editor" languagecode="1033" />
    </LocalizedNames>
    <Descriptions>
      <Description description="Using CKEditor Basic Package, with minimum files needed. License: http://ckeditor.com/about/license&#xA;&#xA;Usage:&#xA;1. Add a web resource to the form, using the mag_/htmleditor/htmleditor.html web resource&#xA;2. Set the web resource options to not show scroll bar or border, and the number of rows/height the editor needs to span&#xA;3. Pass in the text field name as a parameter: e.g. field=mag_description - make sure this field is hidden on the form somewhere&#xA;4. Optionally, pass in some default HTML, encoded, to be used when the text field is empty: e.g. &amp;defaultvalue=%3Cp%3EDefault%20Text%3C%2Fp%3E (URL Encoder: http://meyerweb.com/eric/tools/dencoder)&#xA;&#xA;More information about this solution: https://github.com/PaulNieuwelaar/htmleditor&#xA;&#xA;Add additional buttons by downloading a package from https://ckeditor.com/ckeditor-4/download and then adding the required plugins as web resources, and updating all the existing ckeditor web resources." languagecode="1033" />
    </Descriptions>
    <Version>1.3.0</Version>
    <Managed>1</Managed>
    <Publisher>
      <UniqueName>magnetism</UniqueName>
      <LocalizedNames>
        <LocalizedName description="Magnetism" languagecode="1033" />
      </LocalizedNames>
      <Descriptions />
      <EMailAddress xsi:nil="true"></EMailAddress>
      <SupportingWebsiteUrl xsi:nil="true"></SupportingWebsiteUrl>
      <CustomizationPrefix>mag</CustomizationPrefix>
      <CustomizationOptionValuePrefix>80973</CustomizationOptionValuePrefix>
      <Addresses>
        <Address>
          <AddressNumber>1</AddressNumber>
          <AddressTypeCode>1</AddressTypeCode>
          <City xsi:nil="true"></City>
          <County xsi:nil="true"></County>
          <Country xsi:nil="true"></Country>
          <Fax xsi:nil="true"></Fax>
          <FreightTermsCode xsi:nil="true"></FreightTermsCode>
          <ImportSequenceNumber xsi:nil="true"></ImportSequenceNumber>
          <Latitude xsi:nil="true"></Latitude>
          <Line1 xsi:nil="true"></Line1>
          <Line2 xsi:nil="true"></Line2>
          <Line3 xsi:nil="true"></Line3>
          <Longitude xsi:nil="true"></Longitude>
          <Name xsi:nil="true"></Name>
          <PostalCode xsi:nil="true"></PostalCode>
          <PostOfficeBox xsi:nil="true"></PostOfficeBox>
          <PrimaryContactName xsi:nil="true"></PrimaryContactName>
          <ShippingMethodCode>1</ShippingMethodCode>
          <StateOrProvince xsi:nil="true"></StateOrProvince>
          <Telephone1 xsi:nil="true"></Telephone1>
          <Telephone2 xsi:nil="true"></Telephone2>
          <Telephone3 xsi:nil="true"></Telephone3>
          <TimeZoneRuleVersionNumber xsi:nil="true"></TimeZoneRuleVersionNumber>
          <UPSZone xsi:nil="true"></UPSZone>
          <UTCOffset xsi:nil="true"></UTCOffset>
          <UTCConversionTimeZoneCode xsi:nil="true"></UTCConversionTimeZoneCode>
        </Address>
        <Address>
          <AddressNumber>2</AddressNumber>
          <AddressTypeCode>1</AddressTypeCode>
          <City xsi:nil="true"></City>
          <County xsi:nil="true"></County>
          <Country xsi:nil="true"></Country>
          <Fax xsi:nil="true"></Fax>
          <FreightTermsCode xsi:nil="true"></FreightTermsCode>
          <ImportSequenceNumber xsi:nil="true"></ImportSequenceNumber>
          <Latitude xsi:nil="true"></Latitude>
          <Line1 xsi:nil="true"></Line1>
          <Line2 xsi:nil="true"></Line2>
          <Line3 xsi:nil="true"></Line3>
          <Longitude xsi:nil="true"></Longitude>
          <Name xsi:nil="true"></Name>
          <PostalCode xsi:nil="true"></PostalCode>
          <PostOfficeBox xsi:nil="true"></PostOfficeBox>
          <PrimaryContactName xsi:nil="true"></PrimaryContactName>
          <ShippingMethodCode>1</ShippingMethodCode>
          <StateOrProvince xsi:nil="true"></StateOrProvince>
          <Telephone1 xsi:nil="true"></Telephone1>
          <Telephone2 xsi:nil="true"></Telephone2>
          <Telephone3 xsi:nil="true"></Telephone3>
          <TimeZoneRuleVersionNumber xsi:nil="true"></TimeZoneRuleVersionNumber>
          <UPSZone xsi:nil="true"></UPSZone>
          <UTCOffset xsi:nil="true"></UTCOffset>
          <UTCConversionTimeZoneCode xsi:nil="true"></UTCConversionTimeZoneCode>
        </Address>
      </Addresses>
    </Publisher>
    <RootComponents>
      <RootComponent type="61" schemaName="mag_/htmleditor/adapters/jquery.js" behavior="0" />
      <RootComponent type="61" schemaName="mag_/htmleditor/ckeditor.js" behavior="0" />
      <RootComponent type="61" schemaName="mag_/htmleditor/config.js" behavior="0" />
      <RootComponent type="61" schemaName="mag_/htmleditor/contents.css" behavior="0" />
      <RootComponent type="61" schemaName="mag_/htmleditor/htmleditor.html" behavior="0" />
      <RootComponent type="61" schemaName="mag_/htmleditor/htmleditorreadonly.html" behavior="0" />
      <RootComponent type="61" schemaName="mag_/htmleditor/jquery_3.2.1.min.js" behavior="0" />
      <RootComponent type="61" schemaName="mag_/htmleditor/lang/en.js" behavior="0" />
      <RootComponent type="61" schemaName="mag_/htmleditor/plugins/dialog/dialogDefinition.js" behavior="0" />
      <RootComponent type="61" schemaName="mag_/htmleditor/plugins/icons.png" behavior="0" />
      <RootComponent type="61" schemaName="mag_/htmleditor/plugins/link/dialogs/anchor.js" behavior="0" />
      <RootComponent type="61" schemaName="mag_/htmleditor/plugins/link/dialogs/link.js" behavior="0" />
      <RootComponent type="61" schemaName="mag_/htmleditor/SDK.WebAPI.js" behavior="0" />
      <RootComponent type="61" schemaName="mag_/htmleditor/skins/moono/dialog.css" behavior="0" />
      <RootComponent type="61" schemaName="mag_/htmleditor/skins/moono/dialog_ie.css" behavior="0" />
      <RootComponent type="61" schemaName="mag_/htmleditor/skins/moono/editor.css" behavior="0" />
      <RootComponent type="61" schemaName="mag_/htmleditor/skins/moono/editor_gecko.css" behavior="0" />
      <RootComponent type="61" schemaName="mag_/htmleditor/skins/moono/editor_ie.css" behavior="0" />
      <RootComponent type="61" schemaName="mag_/htmleditor/skins/moono/editor_iequirks.css" behavior="0" />
      <RootComponent type="61" schemaName="mag_/htmleditor/skins/moono/icons.png" behavior="0" />
      <RootComponent type="61" schemaName="mag_/htmleditor/styles.js" behavior="0" />
      <RootComponent type="61" schemaName="mag_/htmleditor/zoom_in.png" behavior="0" />
      <RootComponent type="61" schemaName="mag_/htmleditor/zoom_out.png" behavior="0" />
    </RootComponents>
    <MissingDependencies />
  </SolutionManifest>
</ImportExportXml>